Date,City,Latitude,Longitude,Product,Daily_Demand,Opening_Inventory,Closing_Inventory,Shipment_Received,Reorder_Flag,Stockout,Holding_Cost,Stockout_Cost,Supplier_Name,Supplier_Lat,Supplier_Lon,Warehouse_Name,Warehouse_Lat,Warehouse_Lon
01-01-2024,Delhi,28.6139,77.209,iPhone 16,4,150,145,0,0,0,727,0,Apple Foxconn Supplier,12.9716,80.2707,Flipkart Warehouse,12.9716,77.5946
02-01-2024,Delhi,28.6139,77.209,iPhone 16,4,145,141,0,0,0,709,0,Apple Foxconn Supplier,12.9716,80.2707,Flipkart Warehouse,12.9716,77.5946
03-01-2024,Delhi,28.6139,77.209,iPhone 16,5,141,136,0,0,0,682,0,Apple Foxconn Supplier,12.9716,80.2707,Flipkart Warehouse,12.9716,77.5946
04-01-2024,Delhi,28.6139,77.209,iPhone 16,4,136,132,0,0,0,663,0,Apple Foxconn Supplier,12.9716,80.2707,Flipkart Warehouse,12.9716,77.5946
05-01-2024,Delhi,28.6139,77.209,iPhone 16,6,132,126,0,0,0,633,0,Apple Foxconn Supplier,12.9716,80.2707,Flipkart Warehouse,12.9716,77.5946
06-01-2024,Delhi,28.6139,77.209,iPhone 16,4,126,122,0,0,0,612,0,Apple Foxconn Supplier,12.9716,80.2707,Flipkart Warehouse,12.9716,77.5946
07-01-2024,Delhi,28.6139,77.209,iPhone 16,3,122,119,0,0,0,598,0,Apple Foxconn Supplier,12.9716,80.2707,Flipkart Warehouse,12.9716,77.5946
08-01-2024,Delhi,28.6139,77.209,iPhone 16,3,119,116,0,0,0,582,0,Apple Foxconn Supplier,12.9716,80.2707,Flipkart Warehouse,12.9716,77.5946
09-01-2024,Delhi,28.6139,77.209,iPhone 16,5,116,111,0,0,0,558,0,Apple Foxconn Supplier,12.9716,80.2707,Flipkart Warehouse,12.9716,77.5946
10-01-2024,Delhi,28.6139,77.209,iPhone 16,6,111,105,0,0,0,528,0,Apple Foxconn Supplier,12.9716,80.2707,Flipkart Warehouse,12.9716,77.5946
11-01-2024,Delhi,28.6139,77.209,iPhone 16,11,105,94,0,0,0,471,0,Apple Foxconn Supplier,12.9716,80.2707,Flipkart Warehouse,12.9716,77.5946
12-01-2024,Delhi,28.6139,77.209,iPhone 16,12,94,82,0,0,0,411,0,Apple Foxconn Supplier,12.9716,80.2707,Flipkart Warehouse,12.9716,77.5946
13-01-2024,Delhi,28.6139,77.209,iPhone 16,11,82,71,0,0,0,355,0,Apple Foxconn Supplier,12.9716,80.2707,Flipkart Warehouse,12.9716,77.5946
14-01-2024,Delhi,28.6139,77.209,iPhone 16,12,71,59,0,0,0,297,0,Apple Foxconn Supplier,12.9716,80.2707,Flipkart Warehouse,12.9716,77.5946
15-01-2024,Delhi,28.6139,77.209,iPhone 16,10,59,48,0,0,0,244,0,Apple Foxconn Supplier,12.9716,80.2707,Flipkart Warehouse,12.9716,77.5946
16-01-2024,Delhi,28.6139,77.209,iPhone 16,11,48,38,0,0,0,190,0,Apple Foxconn Supplier,12.9716,80.2707,Flipkart Warehouse,12.9716,77.5946
17-01-2024,Delhi,28.6139,77.209,iPhone 16,7,38,31,0,0,0,157,0,Apple Foxconn Supplier,12.9716,80.2707,Flipkart Warehouse,12.9716,77.5946
18-01-2024,Delhi,28.6139,77.209,iPhone 16,5,31,26,0,1,0,130,0,Apple Foxconn Supplier,12.9716,80.2707,Flipkart Warehouse,12.9716,77.5946
19-01-2024,Delhi,28.6139,77.209,iPhone 16,5,26,21,0,0,0,106,0,Apple Foxconn Supplier,12.9716,80.2707,Flipkart Warehouse,12.9716,77.5946
20-01-2024,Delhi,28.6139,77.209,iPhone 16,4,21,17,0,0,0,85,0,Apple Foxconn Supplier,12.9716,80.2707,Flipkart Warehouse,12.9716,77.5946
21-01-2024,Delhi,28.6139,77.209,iPhone 16,4,17,13,0,0,0,67,0,Apple Foxconn Supplier,12.9716,80.2707,Flipkart Warehouse,12.9716,77.5946
22-01-2024,Delhi,28.6139,77.209,iPhone 16,3,13,10,0,0,0,52,0,Apple Foxconn Supplier,12.9716,80.2707,Flipkart Warehouse,12.9716,77.5946
23-01-2024,Delhi,28.6139,77.209,iPhone 16,8,10,93,90,0,0,465,0,Apple Foxconn Supplier,12.9716,80.2707,Flipkart Warehouse,12.9716,77.5946
24-01-2024,Delhi,28.6139,77.209,iPhone 16,6,93,86,0,0,0,433,0,Apple Foxconn Supplier,12.9716,80.2707,Flipkart Warehouse,12.9716,77.5946
25-01-2024,Delhi,28.6139,77.209,iPhone 16,6,86,81,0,0,0,405,0,Apple Foxconn Supplier,12.9716,80.2707,Flipkart Warehouse,12.9716,77.5946
26-01-2024,Delhi,28.6139,77.209,iPhone 16,24,81,57,0,0,0,285,0,Apple Foxconn Supplier,12.9716,80.2707,Flipkart Warehouse,12.9716,77.5946
27-01-2024,Delhi,28.6139,77.209,iPhone 16,27,57,30,0,1,0,150,0,Apple Foxconn Supplier,12.9716,80.2707,Flipkart Warehouse,12.9716,77.5946
28-01-2024,Delhi,28.6139,77.209,iPhone 16,26,30,4,0,0,0,22,0,Apple Foxconn Supplier,12.9716,80.2707,Flipkart Warehouse,12.9716,77.5946
29-01-2024,Delhi,28.6139,77.209,iPhone 16,4,4,0,0,0,0,4,0,Apple Foxconn Supplier,12.9716,80.2707,Flipkart Warehouse,12.9716,77.5946
30-01-2024,Delhi,28.6139,77.209,iPhone 16,3,0,0,0,0,1,0,1050,Apple Foxconn Supplier,12.9716,80.2707,Flipkart Warehouse,12.9716,77.5946
31-01-2024,Delhi,28.6139,77.209,iPhone 16,2,0,0,0,0,1,0,1200,Apple Foxconn Supplier,12.9716,80.2707,Flipkart Warehouse,12.9716,77.5946
01-02-2024,Delhi,28.6139,77.209,iPhone 16,4,0,86,90,0,0,430,0,Apple Foxconn Supplier,12.9716,80.2707,Flipkart Warehouse,12.9716,77.5946
02-02-2024,Delhi,28.6139,77.209,iPhone 16,4,86,81,0,0,0,409,0,Apple Foxconn Supplier,12.9716,80.2707,Flipkart Warehouse,12.9716,77.5946
03-02-2024,Delhi,28.6139,77.209,iPhone 16,4,81,78,0,0,0,391,0,Apple Foxconn Supplier,12.9716,80.2707,Flipkart Warehouse,12.9716,77.5946
04-02-2024,Delhi,28.6139,77.209,iPhone 16,3,78,75,0,0,0,376,0,Apple Foxconn Supplier,12.9716,80.2707,Flipkart Warehouse,12.9716,77.5946
05-02-2024,Delhi,28.6139,77.209,iPhone 16,12,75,63,0,0,0,316,0,Apple Foxconn Supplier,12.9716,80.2707,Flipkart Warehouse,12.9716,77.5946
06-02-2024,Delhi,28.6139,77.209,iPhone 16,11,63,51,0,0,0,259,0,Apple Foxconn Supplier,12.9716,80.2707,Flipkart Warehouse,12.9716,77.5946
07-02-2024,Delhi,28.6139,77.209,iPhone 16,11,51,41,0,0,0,205,0,Apple Foxconn Supplier,12.9716,80.2707,Flipkart Warehouse,12.9716,77.5946
08-02-2024,Delhi,28.6139,77.209,iPhone 16,3,41,38,0,0,0,190,0,Apple Foxconn Supplier,12.9716,80.2707,Flipkart Warehouse,12.9716,77.5946
09-02-2024,Delhi,28.6139,77.209,iPhone 16,2,38,35,0,0,0,178,0,Apple Foxconn Supplier,12.9716,80.2707,Flipkart Warehouse,12.9716,77.5946
10-02-2024,Delhi,28.6139,77.209,iPhone 16,4,35,32,0,0,0,160,0,Apple Foxconn Supplier,12.9716,80.2707,Flipkart Warehouse,12.9716,77.5946
11-02-2024,Delhi,28.6139,77.209,iPhone 16,3,32,29,0,1,0,147,0,Apple Foxconn Supplier,12.9716,80.2707,Flipkart Warehouse,12.9716,77.5946
12-02-2024,Delhi,28.6139,77.209,iPhone 16,3,29,26,0,0,0,130,0,Apple Foxconn Supplier,12.9716,80.2707,Flipkart Warehouse,12.9716,77.5946
13-02-2024,Delhi,28.6139,77.209,iPhone 16,4,26,21,0,0,0,108,0,Apple Foxconn Supplier,12.9716,80.2707,Flipkart Warehouse,12.9716,77.5946
14-02-2024,Delhi,28.6139,77.209,iPhone 16,5,21,16,0,0,0,81,0,Apple Foxconn Supplier,12.9716,80.2707,Flipkart Warehouse,12.9716,77.5946
15-02-2024,Delhi,28.6139,77.209,iPhone 16,4,16,102,90,0,0,510,0,Apple Foxconn Supplier,12.9716,80.2707,Flipkart Warehouse,12.9716,77.5946
16-02-2024,Delhi,28.6139,77.209,iPhone 16,5,102,97,0,0,0,486,0,Apple Foxconn Supplier,12.9716,80.2707,Flipkart Warehouse,12.9716,77.5946
17-02-2024,Delhi,28.6139,77.209,iPhone 16,4,97,93,0,0,0,468,0,Apple Foxconn Supplier,12.9716,80.2707,Flipkart Warehouse,12.9716,77.5946
18-02-2024,Delhi,28.6139,77.209,iPhone 16,3,93,90,0,0,0,453,0,Apple Foxconn Supplier,12.9716,80.2707,Flipkart Warehouse,12.9716,77.5946
19-02-2024,Delhi,28.6139,77.209,iPhone 16,3,90,87,0,0,0,439,0,Apple Foxconn Supplier,12.9716,80.2707,Flipkart Warehouse,12.9716,77.5946
20-02-2024,Delhi,28.6139,77.209,iPhone 16,4,87,84,0,0,0,420,0,Apple Foxconn Supplier,12.9716,80.2707,Flipkart Warehouse,12.9716,77.5946
21-02-2024,Delhi,28.6139,77.209,iPhone 16,3,84,80,0,0,0,403,0,Apple Foxconn Supplier,12.9716,80.2707,Flipkart Warehouse,12.9716,77.5946
22-02-2024,Delhi,28.6139,77.209,iPhone 16,4,80,76,0,0,0,382,0,Apple Foxconn Supplier,12.9716,80.2707,Flipkart Warehouse,12.9716,77.5946
23-02-2024,Delhi,28.6139,77.209,iPhone 16,5,76,71,0,0,0,358,0,Apple Foxconn Supplier,12.9716,80.2707,Flipkart Warehouse,12.9716,77.5946
24-02-2024,Delhi,28.6139,77.209,iPhone 16,5,71,66,0,0,0,331,0,Apple Foxconn Supplier,12.9716,80.2707,Flipkart Warehouse,12.9716,77.5946
25-02-2024,Delhi,28.6139,77.209,iPhone 16,4,66,61,0,0,0,309,0,Apple Foxconn Supplier,12.9716,80.2707,Flipkart Warehouse,12.9716,77.5946
26-02-2024,Delhi,28.6139,77.209,iPhone 16,4,61,58,0,0,0,291,0,Apple Foxconn Supplier,12.9716,80.2707,Flipkart Warehouse,12.9716,77.5946
27-02-2024,Delhi,28.6139,77.209,iPhone 16,3,58,55,0,0,0,276,0,Apple Foxconn Supplier,12.9716,80.2707,Flipkart Warehouse,12.9716,77.5946
28-02-2024,Delhi,28.6139,77.209,iPhone 16,3,55,52,0,0,0,262,0,Apple Foxconn Supplier,12.9716,80.2707,Flipkart Warehouse,12.9716,77.5946
29-02-2024,Delhi,28.6139,77.209,iPhone 16,3,52,49,0,0,0,246,0,Apple Foxconn Supplier,12.9716,80.2707,Flipkart Warehouse,12.9716,77.5946
01-03-2024,Delhi,28.6139,77.209,iPhone 16,4,49,45,0,0,0,225,0,Apple Foxconn Supplier,12.9716,80.2707,Flipkart Warehouse,12.9716,77.5946
02-03-2024,Delhi,28.6139,77.209,iPhone 16,4,45,41,0,0,0,205,0,Apple Foxconn Supplier,12.9716,80.2707,Flipkart Warehouse,12.9716,77.5946
03-03-2024,Delhi,28.6139,77.209,iPhone 16,4,41,36,0,0,0,183,0,Apple Foxconn Supplier,12.9716,80.2707,Flipkart Warehouse,12.9716,77.5946
04-03-2024,Delhi,28.6139,77.209,iPhone 16,11,36,25,0,1,0,126,0,Apple Foxconn Supplier,12.9716,80.2707,Flipkart Warehouse,12.9716,77.5946
05-03-2024,Delhi,28.6139,77.209,iPhone 16,12,25,13,0,0,0,66,0,Apple Foxconn Supplier,12.9716,80.2707,Flipkart Warehouse,12.9716,77.5946
06-03-2024,Delhi,28.6139,77.209,iPhone 16,10,13,2,0,0,0,13,0,Apple Foxconn Supplier,12.9716,80.2707,Flipkart Warehouse,12.9716,77.5946
07-03-2024,Delhi,28.6139,77.209,iPhone 16,4,2,89,90,0,0,445,0,Apple Foxconn Supplier,12.9716,80.2707,Flipkart Warehouse,12.9716,77.5946
08-03-2024,Delhi,28.6139,77.209,iPhone 16,4,89,84,0,0,0,424,0,Apple Foxconn Supplier,12.9716,80.2707,Flipkart Warehouse,12.9716,77.5946
09-03-2024,Delhi,28.6139,77.209,iPhone 16,5,84,80,0,0,0,400,0,Apple Foxconn Supplier,12.9716,80.2707,Flipkart Warehouse,12.9716,77.5946
10-03-2024,Delhi,28.6139,77.209,iPhone 16,3,80,77,0,0,0,385,0,Apple Foxconn Supplier,12.9716,80.2707,Flipkart Warehouse,12.9716,77.5946
11-03-2024,Delhi,28.6139,77.209,iPhone 16,3,77,73,0,0,0,369,0,Apple Foxconn Supplier,12.9716,80.2707,Flipkart Warehouse,12.9716,77.5946
12-03-2024,Delhi,28.6139,77.209,iPhone 16,3,73,71,0,0,0,355,0,Apple Foxconn Supplier,12.9716,80.2707,Flipkart Warehouse,12.9716,77.5946
13-03-2024,Delhi,28.6139,77.209,iPhone 16,4,71,67,0,0,0,336,0,Apple Foxconn Supplier,12.9716,80.2707,Flipkart Warehouse,12.9716,77.5946
14-03-2024,Delhi,28.6139,77.209,iPhone 16,4,67,62,0,0,0,313,0,Apple Foxconn Supplier,12.9716,80.2707,Flipkart Warehouse,12.9716,77.5946
15-03-2024,Delhi,28.6139,77.209,iPhone 16,4,62,59,0,0,0,295,0,Apple Foxconn Supplier,12.9716,80.2707,Flipkart Warehouse,12.9716,77.5946
16-03-2024,Delhi,28.6139,77.209,iPhone 16,11,59,47,0,0,0,238,0,Apple Foxconn Supplier,12.9716,80.2707,Flipkart Warehouse,12.9716,77.5946
17-03-2024,Delhi,28.6139,77.209,iPhone 16,12,47,35,0,0,0,178,0,Apple Foxconn Supplier,12.9716,80.2707,Flipkart Warehouse,12.9716,77.5946
18-03-2024,Delhi,28.6139,77.209,iPhone 16,11,35,24,0,1,0,124,0,Apple Foxconn Supplier,12.9716,80.2707,Flipkart Warehouse,12.9716,77.5946
19-03-2024,Delhi,28.6139,77.209,iPhone 16,15,24,9,0,0,0,49,0,Apple Foxconn Supplier,12.9716,80.2707,Flipkart Warehouse,12.9716,77.5946
20-03-2024,Delhi,28.6139,77.209,iPhone 16,14,9,0,0,0,1,0,2250,Apple Foxconn Supplier,12.9716,80.2707,Flipkart Warehouse,12.9716,77.5946
21-03-2024,Delhi,28.6139,77.209,iPhone 16,3,0,0,0,0,1,0,1650,Apple Foxconn Supplier,12.9716,80.2707,Flipkart Warehouse,12.9716,77.5946
22-03-2024,Delhi,28.6139,77.209,iPhone 16,4,0,86,90,0,0,430,0,Apple Foxconn Supplier,12.9716,80.2707,Flipkart Warehouse,12.9716,77.5946
23-03-2024,Delhi,28.6139,77.209,iPhone 16,4,86,81,0,0,0,408,0,Apple Foxconn Supplier,12.9716,80.2707,Flipkart Warehouse,12.9716,77.5946
24-03-2024,Delhi,28.6139,77.209,iPhone 16,3,81,78,0,0,0,393,0,Apple Foxconn Supplier,12.9716,80.2707,Flipkart Warehouse,12.9716,77.5946
25-03-2024,Delhi,28.6139,77.209,iPhone 16,4,78,75,0,0,0,375,0,Apple Foxconn Supplier,12.9716,80.2707,Flipkart Warehouse,12.9716,77.5946
26-03-2024,Delhi,28.6139,77.209,iPhone 16,3,75,72,0,0,0,361,0,Apple Foxconn Supplier,12.9716,80.2707,Flipkart Warehouse,12.9716,77.5946
27-03-2024,Delhi,28.6139,77.209,iPhone 16,4,72,68,0,0,0,340,0,Apple Foxconn Supplier,12.9716,80.2707,Flipkart Warehouse,12.9716,77.5946
28-03-2024,Delhi,28.6139,77.209,iPhone 16,3,68,64,0,0,0,324,0,Apple Foxconn Supplier,12.9716,80.2707,Flipkart Warehouse,12.9716,77.5946
29-03-2024,Delhi,28.6139,77.209,iPhone 16,4,64,60,0,0,0,304,0,Apple Foxconn Supplier,12.9716,80.2707,Flipkart Warehouse,12.9716,77.5946
30-03-2024,Delhi,28.6139,77.209,iPhone 16,5,60,56,0,0,0,280,0,Apple Foxconn Supplier,12.9716,80.2707,Flipkart Warehouse,12.9716,77.5946
01-01-2024,Mumbai,19.076,72.8777,iPhone 16,4,140,135,0,0,0,679,0,Apple Foxconn Supplier,12.9716,80.2707,Flipkart Warehouse,12.9716,77.5946
02-01-2024,Mumbai,19.076,72.8777,iPhone 16,3,135,132,0,0,0,662,0,Apple Foxconn Supplier,12.9716,80.2707,Flipkart Warehouse,12.9716,77.5946
03-01-2024,Mumbai,19.076,72.8777,iPhone 16,5,132,127,0,0,0,637,0,Apple Foxconn Supplier,12.9716,80.2707,Flipkart Warehouse,12.9716,77.5946
04-01-2024,Mumbai,19.076,72.8777,iPhone 16,4,127,123,0,0,0,618,0,Apple Foxconn Supplier,12.9716,80.2707,Flipkart Warehouse,12.9716,77.5946
05-01-2024,Mumbai,19.076,72.8777,iPhone 16,6,123,118,0,0,0,590,0,Apple Foxconn Supplier,12.9716,80.2707,Flipkart Warehouse,12.9716,77.5946
06-01-2024,Mumbai,19.076,72.8777,iPhone 16,4,118,114,0,0,0,571,0,Apple Foxconn Supplier,12.9716,80.2707,Flipkart Warehouse,12.9716,77.5946
07-01-2024,Mumbai,19.076,72.8777,iPhone 16,3,114,111,0,0,0,558,0,Apple Foxconn Supplier,12.9716,80.2707,Flipkart Warehouse,12.9716,77.5946
08-01-2024,Mumbai,19.076,72.8777,iPhone 16,3,111,108,0,0,0,543,0,Apple Foxconn Supplier,12.9716,80.2707,Flipkart Warehouse,12.9716,77.5946
09-01-2024,Mumbai,19.076,72.8777,iPhone 16,4,108,104,0,0,0,520,0,Apple Foxconn Supplier,12.9716,80.2707,Flipkart Warehouse,12.9716,77.5946
10-01-2024,Mumbai,19.076,72.8777,iPhone 16,6,104,98,0,0,0,492,0,Apple Foxconn Supplier,12.9716,80.2707,Flipkart Warehouse,12.9716,77.5946
11-01-2024,Mumbai,19.076,72.8777,iPhone 16,11,98,87,0,0,0,439,0,Apple Foxconn Supplier,12.9716,80.2707,Flipkart Warehouse,12.9716,77.5946
12-01-2024,Mumbai,19.076,72.8777,iPhone 16,11,87,76,0,0,0,383,0,Apple Foxconn Supplier,12.9716,80.2707,Flipkart Warehouse,12.9716,77.5946
13-01-2024,Mumbai,19.076,72.8777,iPhone 16,10,76,66,0,0,0,331,0,Apple Foxconn Supplier,12.9716,80.2707,Flipkart Warehouse,12.9716,77.5946
14-01-2024,Mumbai,19.076,72.8777,iPhone 16,11,66,55,0,0,0,277,0,Apple Foxconn Supplier,12.9716,80.2707,Flipkart Warehouse,12.9716,77.5946
15-01-2024,Mumbai,19.076,72.8777,iPhone 16,10,55,45,0,0,0,228,0,Apple Foxconn Supplier,12.9716,80.2707,Flipkart Warehouse,12.9716,77.5946
16-01-2024,Mumbai,19.076,72.8777,iPhone 16,10,45,35,0,0,0,177,0,Apple Foxconn Supplier,12.9716,80.2707,Flipkart Warehouse,12.9716,77.5946
17-01-2024,Mumbai,19.076,72.8777,iPhone 16,6,35,29,0,0,0,147,0,Apple Foxconn Supplier,12.9716,80.2707,Flipkart Warehouse,12.9716,77.5946
18-01-2024,Mumbai,19.076,72.8777,iPhone 16,5,29,24,0,1,0,121,0,Apple Foxconn Supplier,12.9716,80.2707,Flipkart Warehouse,12.9716,77.5946
19-01-2024,Mumbai,19.076,72.8777,iPhone 16,4,24,19,0,0,0,99,0,Apple Foxconn Supplier,12.9716,80.2707,Flipkart Warehouse,12.9716,77.5946
20-01-2024,Mumbai,19.076,72.8777,iPhone 16,4,19,15,0,0,0,79,0,Apple Foxconn Supplier,12.9716,80.2707,Flipkart Warehouse,12.9716,77.5946
21-01-2024,Mumbai,19.076,72.8777,iPhone 16,3,15,12,0,0,0,63,0,Apple Foxconn Supplier,12.9716,80.2707,Flipkart Warehouse,12.9716,77.5946
22-01-2024,Mumbai,19.076,72.8777,iPhone 16,3,12,9,0,0,0,49,0,Apple Foxconn Supplier,12.9716,80.2707,Flipkart Warehouse,12.9716,77.5946
23-01-2024,Mumbai,19.076,72.8777,iPhone 16,7,9,86,84,0,0,434,0,Apple Foxconn Supplier,12.9716,80.2707,Flipkart Warehouse,12.9716,77.5946
24-01-2024,Mumbai,19.076,72.8777,iPhone 16,6,86,80,0,0,0,404,0,Apple Foxconn Supplier,12.9716,80.2707,Flipkart Warehouse,12.9716,77.5946
25-01-2024,Mumbai,19.076,72.8777,iPhone 16,5,80,75,0,0,0,378,0,Apple Foxconn Supplier,12.9716,80.2707,Flipkart Warehouse,12.9716,77.5946
26-01-2024,Mumbai,19.076,72.8777,iPhone 16,22,75,53,0,0,0,266,0,Apple Foxconn Supplier,12.9716,80.2707,Flipkart Warehouse,12.9716,77.5946
27-01-2024,Mumbai,19.076,72.8777,iPhone 16,25,53,28,0,1,0,140,0,Apple Foxconn Supplier,12.9716,80.2707,Flipkart Warehouse,12.9716,77.5946
28-01-2024,Mumbai,19.076,72.8777,iPhone 16,24,28,4,0,0,0,21,0,Apple Foxconn Supplier,12.9716,80.2707,Flipkart Warehouse,12.9716,77.5946
29-01-2024,Mumbai,19.076,72.8777,iPhone 16,3,4,0,0,0,0,4,0,Apple Foxconn Supplier,12.9716,80.2707,Flipkart Warehouse,12.9716,77.5946
30-01-2024,Mumbai,19.076,72.8777,iPhone 16,3,0,0,0,0,1,0,980,Apple Foxconn Supplier,12.9716,80.2707,Flipkart Warehouse,12.9716,77.5946
31-01-2024,Mumbai,19.076,72.8777,iPhone 16,2,0,0,0,0,1,0,1120,Apple Foxconn Supplier,12.9716,80.2707,Flipkart Warehouse,12.9716,77.5946
01-02-2024,Mumbai,19.076,72.8777,iPhone 16,4,0,80,84,0,0,401,0,Apple Foxconn Supplier,12.9716,80.2707,Flipkart Warehouse,12.9716,77.5946
02-02-2024,Mumbai,19.076,72.8777,iPhone 16,4,80,76,0,0,0,382,0,Apple Foxconn Supplier,12.9716,80.2707,Flipkart Warehouse,12.9716,77.5946
03-02-2024,Mumbai,19.076,72.8777,iPhone 16,3,76,73,0,0,0,365,0,Apple Foxconn Supplier,12.9716,80.2707,Flipkart Warehouse,12.9716,77.5946
04-02-2024,Mumbai,19.076,72.8777,iPhone 16,3,73,70,0,0,0,351,0,Apple Foxconn Supplier,12.9716,80.2707,Flipkart Warehouse,12.9716,77.5946
05-02-2024,Mumbai,19.076,72.8777,iPhone 16,11,70,59,0,0,0,295,0,Apple Foxconn Supplier,12.9716,80.2707,Flipkart Warehouse,12.9716,77.5946
06-02-2024,Mumbai,19.076,72.8777,iPhone 16,11,59,48,0,0,0,242,0,Apple Foxconn Supplier,12.9716,80.2707,Flipkart Warehouse,12.9716,77.5946
07-02-2024,Mumbai,19.076,72.8777,iPhone 16,10,48,38,0,0,0,191,0,Apple Foxconn Supplier,12.9716,80.2707,Flipkart Warehouse,12.9716,77.5946
08-02-2024,Mumbai,19.076,72.8777,iPhone 16,3,38,35,0,0,0,177,0,Apple Foxconn Supplier,12.9716,80.2707,Flipkart Warehouse,12.9716,77.5946
09-02-2024,Mumbai,19.076,72.8777,iPhone 16,2,35,33,0,0,0,166,0,Apple Foxconn Supplier,12.9716,80.2707,Flipkart Warehouse,12.9716,77.5946
10-02-2024,Mumbai,19.076,72.8777,iPhone 16,3,33,29,0,0,0,149,0,Apple Foxconn Supplier,12.9716,80.2707,Flipkart Warehouse,12.9716,77.5946
11-02-2024,Mumbai,19.076,72.8777,iPhone 16,3,29,27,0,1,0,137,0,Apple Foxconn Supplier,12.9716,80.2707,Flipkart Warehouse,12.9716,77.5946
12-02-2024,Mumbai,19.076,72.8777,iPhone 16,3,27,24,0,0,0,121,0,Apple Foxconn Supplier,12.9716,80.2707,Flipkart Warehouse,12.9716,77.5946
13-02-2024,Mumbai,19.076,72.8777,iPhone 16,4,24,20,0,0,0,100,0,Apple Foxconn Supplier,12.9716,80.2707,Flipkart Warehouse,12.9716,77.5946
14-02-2024,Mumbai,19.076,72.8777,iPhone 16,5,20,15,0,0,0,75,0,Apple Foxconn Supplier,12.9716,80.2707,Flipkart Warehouse,12.9716,77.5946
15-02-2024,Mumbai,19.076,72.8777,iPhone 16,4,15,95,84,0,0,476,0,Apple Foxconn Supplier,12.9716,80.2707,Flipkart Warehouse,12.9716,77.5946
16-02-2024,Mumbai,19.076,72.8777,iPhone 16,4,95,90,0,0,0,453,0,Apple Foxconn Supplier,12.9716,80.2707,Flipkart Warehouse,12.9716,77.5946
17-02-2024,Mumbai,19.076,72.8777,iPhone 16,3,90,87,0,0,0,436,0,Apple Foxconn Supplier,12.9716,80.2707,Flipkart Warehouse,12.9716,77.5946
18-02-2024,Mumbai,19.076,72.8777,iPhone 16,3,87,84,0,0,0,422,0,Apple Foxconn Supplier,12.9716,80.2707,Flipkart Warehouse,12.9716,77.5946
19-02-2024,Mumbai,19.076,72.8777,iPhone 16,3,84,82,0,0,0,410,0,Apple Foxconn Supplier,12.9716,80.2707,Flipkart Warehouse,12.9716,77.5946
20-02-2024,Mumbai,19.076,72.8777,iPhone 16,4,82,78,0,0,0,392,0,Apple Foxconn Supplier,12.9716,80.2707,Flipkart Warehouse,12.9716,77.5946
21-02-2024,Mumbai,19.076,72.8777,iPhone 16,3,78,75,0,0,0,376,0,Apple Foxconn Supplier,12.9716,80.2707,Flipkart Warehouse,12.9716,77.5946
22-02-2024,Mumbai,19.076,72.8777,iPhone 16,4,75,71,0,0,0,357,0,Apple Foxconn Supplier,12.9716,80.2707,Flipkart Warehouse,12.9716,77.5946
23-02-2024,Mumbai,19.076,72.8777,iPhone 16,4,71,66,0,0,0,334,0,Apple Foxconn Supplier,12.9716,80.2707,Flipkart Warehouse,12.9716,77.5946
24-02-2024,Mumbai,19.076,72.8777,iPhone 16,5,66,61,0,0,0,309,0,Apple Foxconn Supplier,12.9716,80.2707,Flipkart Warehouse,12.9716,77.5946
25-02-2024,Mumbai,19.076,72.8777,iPhone 16,4,61,57,0,0,0,288,0,Apple Foxconn Supplier,12.9716,80.2707,Flipkart Warehouse,12.9716,77.5946
26-02-2024,Mumbai,19.076,72.8777,iPhone 16,3,57,54,0,0,0,271,0,Apple Foxconn Supplier,12.9716,80.2707,Flipkart Warehouse,12.9716,77.5946
27-02-2024,Mumbai,19.076,72.8777,iPhone 16,3,54,51,0,0,0,257,0,Apple Foxconn Supplier,12.9716,80.2707,Flipkart Warehouse,12.9716,77.5946
28-02-2024,Mumbai,19.076,72.8777,iPhone 16,3,51,49,0,0,0,245,0,Apple Foxconn Supplier,12.9716,80.2707,Flipkart Warehouse,12.9716,77.5946
29-02-2024,Mumbai,19.076,72.8777,iPhone 16,3,49,45,0,0,0,229,0,Apple Foxconn Supplier,12.9716,80.2707,Flipkart Warehouse,12.9716,77.5946
01-03-2024,Mumbai,19.076,72.8777,iPhone 16,4,45,42,0,0,0,210,0,Apple Foxconn Supplier,12.9716,80.2707,Flipkart Warehouse,12.9716,77.5946
02-03-2024,Mumbai,19.076,72.8777,iPhone 16,4,42,38,0,0,0,191,0,Apple Foxconn Supplier,12.9716,80.2707,Flipkart Warehouse,12.9716,77.5946
03-03-2024,Mumbai,19.076,72.8777,iPhone 16,4,38,34,0,0,0,170,0,Apple Foxconn Supplier,12.9716,80.2707,Flipkart Warehouse,12.9716,77.5946
04-03-2024,Mumbai,19.076,72.8777,iPhone 16,11,34,23,0,1,0,117,0,Apple Foxconn Supplier,12.9716,80.2707,Flipkart Warehouse,12.9716,77.5946
05-03-2024,Mumbai,19.076,72.8777,iPhone 16,11,23,12,0,0,0,61,0,Apple Foxconn Supplier,12.9716,80.2707,Flipkart Warehouse,12.9716,77.5946
06-03-2024,Mumbai,19.076,72.8777,iPhone 16,10,12,2,0,0,0,12,0,Apple Foxconn Supplier,12.9716,80.2707,Flipkart Warehouse,12.9716,77.5946
07-03-2024,Mumbai,19.076,72.8777,iPhone 16,3,2,83,84,0,0,415,0,Apple Foxconn Supplier,12.9716,80.2707,Flipkart Warehouse,12.9716,77.5946
08-03-2024,Mumbai,19.076,72.8777,iPhone 16,4,83,79,0,0,0,396,0,Apple Foxconn Supplier,12.9716,80.2707,Flipkart Warehouse,12.9716,77.5946
09-03-2024,Mumbai,19.076,72.8777,iPhone 16,4,79,74,0,0,0,373,0,Apple Foxconn Supplier,12.9716,80.2707,Flipkart Warehouse,12.9716,77.5946
10-03-2024,Mumbai,19.076,72.8777,iPhone 16,3,74,71,0,0,0,359,0,Apple Foxconn Supplier,12.9716,80.2707,Flipkart Warehouse,12.9716,77.5946
11-03-2024,Mumbai,19.076,72.8777,iPhone 16,3,71,68,0,0,0,344,0,Apple Foxconn Supplier,12.9716,80.2707,Flipkart Warehouse,12.9716,77.5946
12-03-2024,Mumbai,19.076,72.8777,iPhone 16,3,68,66,0,0,0,331,0,Apple Foxconn Supplier,12.9716,80.2707,Flipkart Warehouse,12.9716,77.5946
13-03-2024,Mumbai,19.076,72.8777,iPhone 16,4,66,62,0,0,0,313,0,Apple Foxconn Supplier,12.9716,80.2707,Flipkart Warehouse,12.9716,77.5946
14-03-2024,Mumbai,19.076,72.8777,iPhone 16,4,62,58,0,0,0,292,0,Apple Foxconn Supplier,12.9716,80.2707,Flipkart Warehouse,12.9716,77.5946
15-03-2024,Mumbai,19.076,72.8777,iPhone 16,3,58,55,0,0,0,275,0,Apple Foxconn Supplier,12.9716,80.2707,Flipkart Warehouse,12.9716,77.5946
16-03-2024,Mumbai,19.076,72.8777,iPhone 16,11,55,44,0,0,0,222,0,Apple Foxconn Supplier,12.9716,80.2707,Flipkart Warehouse,12.9716,77.5946
17-03-2024,Mumbai,19.076,72.8777,iPhone 16,11,44,33,0,0,0,166,0,Apple Foxconn Supplier,12.9716,80.2707,Flipkart Warehouse,12.9716,77.5946
18-03-2024,Mumbai,19.076,72.8777,iPhone 16,10,33,23,0,1,0,116,0,Apple Foxconn Supplier,12.9716,80.2707,Flipkart Warehouse,12.9716,77.5946
19-03-2024,Mumbai,19.076,72.8777,iPhone 16,14,23,9,0,0,0,46,0,Apple Foxconn Supplier,12.9716,80.2707,Flipkart Warehouse,12.9716,77.5946
20-03-2024,Mumbai,19.076,72.8777,iPhone 16,13,9,0,0,0,1,0,2100,Apple Foxconn Supplier,12.9716,80.2707,Flipkart Warehouse,12.9716,77.5946
21-03-2024,Mumbai,19.076,72.8777,iPhone 16,3,0,0,0,0,1,0,1540,Apple Foxconn Supplier,12.9716,80.2707,Flipkart Warehouse,12.9716,77.5946
22-03-2024,Mumbai,19.076,72.8777,iPhone 16,4,0,80,84,0,0,401,0,Apple Foxconn Supplier,12.9716,80.2707,Flipkart Warehouse,12.9716,77.5946
23-03-2024,Mumbai,19.076,72.8777,iPhone 16,4,80,76,0,0,0,380,0,Apple Foxconn Supplier,12.9716,80.2707,Flipkart Warehouse,12.9716,77.5946
24-03-2024,Mumbai,19.076,72.8777,iPhone 16,3,76,73,0,0,0,366,0,Apple Foxconn Supplier,12.9716,80.2707,Flipkart Warehouse,12.9716,77.5946
25-03-2024,Mumbai,19.076,72.8777,iPhone 16,3,73,70,0,0,0,350,0,Apple Foxconn Supplier,12.9716,80.2707,Flipkart Warehouse,12.9716,77.5946
26-03-2024,Mumbai,19.076,72.8777,iPhone 16,3,70,67,0,0,0,337,0,Apple Foxconn Supplier,12.9716,80.2707,Flipkart Warehouse,12.9716,77.5946
27-03-2024,Mumbai,19.076,72.8777,iPhone 16,4,67,63,0,0,0,317,0,Apple Foxconn Supplier,12.9716,80.2707,Flipkart Warehouse,12.9716,77.5946
28-03-2024,Mumbai,19.076,72.8777,iPhone 16,3,63,60,0,0,0,302,0,Apple Foxconn Supplier,12.9716,80.2707,Flipkart Warehouse,12.9716,77.5946
29-03-2024,Mumbai,19.076,72.8777,iPhone 16,4,60,56,0,0,0,284,0,Apple Foxconn Supplier,12.9716,80.2707,Flipkart Warehouse,12.9716,77.5946
30-03-2024,Mumbai,19.076,72.8777,iPhone 16,4,56,52,0,0,0,261,0,Apple Foxconn Supplier,12.9716,80.2707,Flipkart Warehouse,12.9716,77.5946
01-01-2024,Bangalore,12.9716,77.5946,iPhone 16,4,125,121,0,0,0,606,0,Apple Foxconn Supplier,12.9716,80.2707,Flipkart Warehouse,12.9716,77.5946
02-01-2024,Bangalore,12.9716,77.5946,iPhone 16,3,121,118,0,0,0,591,0,Apple Foxconn Supplier,12.9716,80.2707,Flipkart Warehouse,12.9716,77.5946
03-01-2024,Bangalore,12.9716,77.5946,iPhone 16,4,118,113,0,0,0,568,0,Apple Foxconn Supplier,12.9716,80.2707,Flipkart Warehouse,12.9716,77.5946
04-01-2024,Bangalore,12.9716,77.5946,iPhone 16,3,113,110,0,0,0,552,0,Apple Foxconn Supplier,12.9716,80.2707,Flipkart Warehouse,12.9716,77.5946
05-01-2024,Bangalore,12.9716,77.5946,iPhone 16,5,110,105,0,0,0,527,0,Apple Foxconn Supplier,12.9716,80.2707,Flipkart Warehouse,12.9716,77.5946
06-01-2024,Bangalore,12.9716,77.5946,iPhone 16,4,105,102,0,0,0,510,0,Apple Foxconn Supplier,12.9716,80.2707,Flipkart Warehouse,12.9716,77.5946
07-01-2024,Bangalore,12.9716,77.5946,iPhone 16,2,102,99,0,0,0,498,0,Apple Foxconn Supplier,12.9716,80.2707,Flipkart Warehouse,12.9716,77.5946
08-01-2024,Bangalore,12.9716,77.5946,iPhone 16,3,99,97,0,0,0,485,0,Apple Foxconn Supplier,12.9716,80.2707,Flipkart Warehouse,12.9716,77.5946
09-01-2024,Bangalore,12.9716,77.5946,iPhone 16,4,97,93,0,0,0,465,0,Apple Foxconn Supplier,12.9716,80.2707,Flipkart Warehouse,12.9716,77.5946
10-01-2024,Bangalore,12.9716,77.5946,iPhone 16,5,93,88,0,0,0,440,0,Apple Foxconn Supplier,12.9716,80.2707,Flipkart Warehouse,12.9716,77.5946
11-01-2024,Bangalore,12.9716,77.5946,iPhone 16,10,88,78,0,0,0,392,0,Apple Foxconn Supplier,12.9716,80.2707,Flipkart Warehouse,12.9716,77.5946
12-01-2024,Bangalore,12.9716,77.5946,iPhone 16,10,78,68,0,0,0,342,0,Apple Foxconn Supplier,12.9716,80.2707,Flipkart Warehouse,12.9716,77.5946
13-01-2024,Bangalore,12.9716,77.5946,iPhone 16,9,68,59,0,0,0,296,0,Apple Foxconn Supplier,12.9716,80.2707,Flipkart Warehouse,12.9716,77.5946
14-01-2024,Bangalore,12.9716,77.5946,iPhone 16,10,59,49,0,0,0,247,0,Apple Foxconn Supplier,12.9716,80.2707,Flipkart Warehouse,12.9716,77.5946
15-01-2024,Bangalore,12.9716,77.5946,iPhone 16,9,49,40,0,0,0,203,0,Apple Foxconn Supplier,12.9716,80.2707,Flipkart Warehouse,12.9716,77.5946
16-01-2024,Bangalore,12.9716,77.5946,iPhone 16,9,40,31,0,0,0,158,0,Apple Foxconn Supplier,12.9716,80.2707,Flipkart Warehouse,12.9716,77.5946
17-01-2024,Bangalore,12.9716,77.5946,iPhone 16,6,31,26,0,0,0,131,0,Apple Foxconn Supplier,12.9716,80.2707,Flipkart Warehouse,12.9716,77.5946
18-01-2024,Bangalore,12.9716,77.5946,iPhone 16,4,26,21,0,1,0,108,0,Apple Foxconn Supplier,12.9716,80.2707,Flipkart Warehouse,12.9716,77.5946
19-01-2024,Bangalore,12.9716,77.5946,iPhone 16,4,21,17,0,0,0,88,0,Apple Foxconn Supplier,12.9716,80.2707,Flipkart Warehouse,12.9716,77.5946
20-01-2024,Bangalore,12.9716,77.5946,iPhone 16,4,17,14,0,0,0,71,0,Apple Foxconn Supplier,12.9716,80.2707,Flipkart Warehouse,12.9716,77.5946
21-01-2024,Bangalore,12.9716,77.5946,iPhone 16,3,14,11,0,0,0,56,0,Apple Foxconn Supplier,12.9716,80.2707,Flipkart Warehouse,12.9716,77.5946
22-01-2024,Bangalore,12.9716,77.5946,iPhone 16,2,11,8,0,0,0,43,0,Apple Foxconn Supplier,12.9716,80.2707,Flipkart Warehouse,12.9716,77.5946
23-01-2024,Bangalore,12.9716,77.5946,iPhone 16,6,8,77,75,0,0,387,0,Apple Foxconn Supplier,12.9716,80.2707,Flipkart Warehouse,12.9716,77.5946
24-01-2024,Bangalore,12.9716,77.5946,iPhone 16,5,77,72,0,0,0,361,0,Apple Foxconn Supplier,12.9716,80.2707,Flipkart Warehouse,12.9716,77.5946
25-01-2024,Bangalore,12.9716,77.5946,iPhone 16,5,72,67,0,0,0,337,0,Apple Foxconn Supplier,12.9716,80.2707,Flipkart Warehouse,12.9716,77.5946
26-01-2024,Bangalore,12.9716,77.5946,iPhone 16,20,67,47,0,0,0,237,0,Apple Foxconn Supplier,12.9716,80.2707,Flipkart Warehouse,12.9716,77.5946
27-01-2024,Bangalore,12.9716,77.5946,iPhone 16,22,47,25,0,1,0,125,0,Apple Foxconn Supplier,12.9716,80.2707,Flipkart Warehouse,12.9716,77.5946
28-01-2024,Bangalore,12.9716,77.5946,iPhone 16,21,25,3,0,0,0,18,0,Apple Foxconn Supplier,12.9716,80.2707,Flipkart Warehouse,12.9716,77.5946
29-01-2024,Bangalore,12.9716,77.5946,iPhone 16,3,3,0,0,0,0,3,0,Apple Foxconn Supplier,12.9716,80.2707,Flipkart Warehouse,12.9716,77.5946
30-01-2024,Bangalore,12.9716,77.5946,iPhone 16,2,0,0,0,0,1,0,875,Apple Foxconn Supplier,12.9716,80.2707,Flipkart Warehouse,12.9716,77.5946
31-01-2024,Bangalore,12.9716,77.5946,iPhone 16,2,0,0,0,0,1,0,1000,Apple Foxconn Supplier,12.9716,80.2707,Flipkart Warehouse,12.9716,77.5946
01-02-2024,Bangalore,12.9716,77.5946,iPhone 16,3,0,71,75,0,0,358,0,Apple Foxconn Supplier,12.9716,80.2707,Flipkart Warehouse,12.9716,77.5946
02-02-2024,Bangalore,12.9716,77.5946,iPhone 16,4,71,68,0,0,0,341,0,Apple Foxconn Supplier,12.9716,80.2707,Flipkart Warehouse,12.9716,77.5946
03-02-2024,Bangalore,12.9716,77.5946,iPhone 16,3,68,65,0,0,0,326,0,Apple Foxconn Supplier,12.9716,80.2707,Flipkart Warehouse,12.9716,77.5946
04-02-2024,Bangalore,12.9716,77.5946,iPhone 16,2,65,62,0,0,0,313,0,Apple Foxconn Supplier,12.9716,80.2707,Flipkart Warehouse,12.9716,77.5946
05-02-2024,Bangalore,12.9716,77.5946,iPhone 16,10,62,52,0,0,0,263,0,Apple Foxconn Supplier,12.9716,80.2707,Flipkart Warehouse,12.9716,77.5946
06-02-2024,Bangalore,12.9716,77.5946,iPhone 16,10,52,43,0,0,0,216,0,Apple Foxconn Supplier,12.9716,80.2707,Flipkart Warehouse,12.9716,77.5946
07-02-2024,Bangalore,12.9716,77.5946,iPhone 16,9,43,34,0,0,0,171,0,Apple Foxconn Supplier,12.9716,80.2707,Flipkart Warehouse,12.9716,77.5946
08-02-2024,Bangalore,12.9716,77.5946,iPhone 16,2,34,31,0,0,0,158,0,Apple Foxconn Supplier,12.9716,80.2707,Flipkart Warehouse,12.9716,77.5946
09-02-2024,Bangalore,12.9716,77.5946,iPhone 16,2,31,29,0,0,0,148,0,Apple Foxconn Supplier,12.9716,80.2707,Flipkart Warehouse,12.9716,77.5946
10-02-2024,Bangalore,12.9716,77.5946,iPhone 16,3,29,26,0,0,0,133,0,Apple Foxconn Supplier,12.9716,80.2707,Flipkart Warehouse,12.9716,77.5946
11-02-2024,Bangalore,12.9716,77.5946,iPhone 16,2,26,24,0,1,0,122,0,Apple Foxconn Supplier,12.9716,80.2707,Flipkart Warehouse,12.9716,77.5946
12-02-2024,Bangalore,12.9716,77.5946,iPhone 16,3,24,21,0,0,0,108,0,Apple Foxconn Supplier,12.9716,80.2707,Flipkart Warehouse,12.9716,77.5946
13-02-2024,Bangalore,12.9716,77.5946,iPhone 16,4,21,18,0,0,0,90,0,Apple Foxconn Supplier,12.9716,80.2707,Flipkart Warehouse,12.9716,77.5946
14-02-2024,Bangalore,12.9716,77.5946,iPhone 16,4,18,13,0,0,0,67,0,Apple Foxconn Supplier,12.9716,80.2707,Flipkart Warehouse,12.9716,77.5946
15-02-2024,Bangalore,12.9716,77.5946,iPhone 16,4,13,85,75,0,0,425,0,Apple Foxconn Supplier,12.9716,80.2707,Flipkart Warehouse,12.9716,77.5946
16-02-2024,Bangalore,12.9716,77.5946,iPhone 16,4,85,81,0,0,0,405,0,Apple Foxconn Supplier,12.9716,80.2707,Flipkart Warehouse,12.9716,77.5946
17-02-2024,Bangalore,12.9716,77.5946,iPhone 16,3,81,78,0,0,0,390,0,Apple Foxconn Supplier,12.9716,80.2707,Flipkart Warehouse,12.9716,77.5946
18-02-2024,Bangalore,12.9716,77.5946,iPhone 16,2,78,75,0,0,0,377,0,Apple Foxconn Supplier,12.9716,80.2707,Flipkart Warehouse,12.9716,77.5946
19-02-2024,Bangalore,12.9716,77.5946,iPhone 16,2,75,73,0,0,0,366,0,Apple Foxconn Supplier,12.9716,80.2707,Flipkart Warehouse,12.9716,77.5946
20-02-2024,Bangalore,12.9716,77.5946,iPhone 16,3,73,70,0,0,0,350,0,Apple Foxconn Supplier,12.9716,80.2707,Flipkart Warehouse,12.9716,77.5946
21-02-2024,Bangalore,12.9716,77.5946,iPhone 16,3,70,67,0,0,0,336,0,Apple Foxconn Supplier,12.9716,80.2707,Flipkart Warehouse,12.9716,77.5946
22-02-2024,Bangalore,12.9716,77.5946,iPhone 16,4,67,63,0,0,0,318,0,Apple Foxconn Supplier,12.9716,80.2707,Flipkart Warehouse,12.9716,77.5946
23-02-2024,Bangalore,12.9716,77.5946,iPhone 16,4,63,59,0,0,0,298,0,Apple Foxconn Supplier,12.9716,80.2707,Flipkart Warehouse,12.9716,77.5946
24-02-2024,Bangalore,12.9716,77.5946,iPhone 16,4,59,55,0,0,0,276,0,Apple Foxconn Supplier,12.9716,80.2707,Flipkart Warehouse,12.9716,77.5946
25-02-2024,Bangalore,12.9716,77.5946,iPhone 16,4,55,51,0,0,0,257,0,Apple Foxconn Supplier,12.9716,80.2707,Flipkart Warehouse,12.9716,77.5946
26-02-2024,Bangalore,12.9716,77.5946,iPhone 16,3,51,48,0,0,0,242,0,Apple Foxconn Supplier,12.9716,80.2707,Flipkart Warehouse,12.9716,77.5946
27-02-2024,Bangalore,12.9716,77.5946,iPhone 16,2,48,46,0,0,0,230,0,Apple Foxconn Supplier,12.9716,80.2707,Flipkart Warehouse,12.9716,77.5946
28-02-2024,Bangalore,12.9716,77.5946,iPhone 16,2,46,43,0,0,0,218,0,Apple Foxconn Supplier,12.9716,80.2707,Flipkart Warehouse,12.9716,77.5946
29-02-2024,Bangalore,12.9716,77.5946,iPhone 16,3,43,41,0,0,0,205,0,Apple Foxconn Supplier,12.9716,80.2707,Flipkart Warehouse,12.9716,77.5946
01-03-2024,Bangalore,12.9716,77.5946,iPhone 16,4,41,37,0,0,0,187,0,Apple Foxconn Supplier,12.9716,80.2707,Flipkart Warehouse,12.9716,77.5946
02-03-2024,Bangalore,12.9716,77.5946,iPhone 16,3,37,34,0,0,0,171,0,Apple Foxconn Supplier,12.9716,80.2707,Flipkart Warehouse,12.9716,77.5946
03-03-2024,Bangalore,12.9716,77.5946,iPhone 16,4,34,30,0,0,0,152,0,Apple Foxconn Supplier,12.9716,80.2707,Flipkart Warehouse,12.9716,77.5946
04-03-2024,Bangalore,12.9716,77.5946,iPhone 16,10,30,21,0,1,0,105,0,Apple Foxconn Supplier,12.9716,80.2707,Flipkart Warehouse,12.9716,77.5946
05-03-2024,Bangalore,12.9716,77.5946,iPhone 16,10,21,11,0,0,0,55,0,Apple Foxconn Supplier,12.9716,80.2707,Flipkart Warehouse,12.9716,77.5946
06-03-2024,Bangalore,12.9716,77.5946,iPhone 16,9,11,2,0,0,0,11,0,Apple Foxconn Supplier,12.9716,80.2707,Flipkart Warehouse,12.9716,77.5946
07-03-2024,Bangalore,12.9716,77.5946,iPhone 16,3,2,74,75,0,0,371,0,Apple Foxconn Supplier,12.9716,80.2707,Flipkart Warehouse,12.9716,77.5946
08-03-2024,Bangalore,12.9716,77.5946,iPhone 16,4,74,70,0,0,0,353,0,Apple Foxconn Supplier,12.9716,80.2707,Flipkart Warehouse,12.9716,77.5946
09-03-2024,Bangalore,12.9716,77.5946,iPhone 16,4,70,66,0,0,0,333,0,Apple Foxconn Supplier,12.9716,80.2707,Flipkart Warehouse,12.9716,77.5946
10-03-2024,Bangalore,12.9716,77.5946,iPhone 16,2,66,64,0,0,0,321,0,Apple Foxconn Supplier,12.9716,80.2707,Flipkart Warehouse,12.9716,77.5946
11-03-2024,Bangalore,12.9716,77.5946,iPhone 16,3,64,61,0,0,0,307,0,Apple Foxconn Supplier,12.9716,80.2707,Flipkart Warehouse,12.9716,77.5946
12-03-2024,Bangalore,12.9716,77.5946,iPhone 16,2,61,59,0,0,0,296,0,Apple Foxconn Supplier,12.9716,80.2707,Flipkart Warehouse,12.9716,77.5946
13-03-2024,Bangalore,12.9716,77.5946,iPhone 16,3,59,56,0,0,0,280,0,Apple Foxconn Supplier,12.9716,80.2707,Flipkart Warehouse,12.9716,77.5946
14-03-2024,Bangalore,12.9716,77.5946,iPhone 16,4,56,52,0,0,0,261,0,Apple Foxconn Supplier,12.9716,80.2707,Flipkart Warehouse,12.9716,77.5946
15-03-2024,Bangalore,12.9716,77.5946,iPhone 16,3,52,49,0,0,0,246,0,Apple Foxconn Supplier,12.9716,80.2707,Flipkart Warehouse,12.9716,77.5946
16-03-2024,Bangalore,12.9716,77.5946,iPhone 16,10,49,39,0,0,0,198,0,Apple Foxconn Supplier,12.9716,80.2707,Flipkart Warehouse,12.9716,77.5946
17-03-2024,Bangalore,12.9716,77.5946,iPhone 16,10,39,29,0,0,0,148,0,Apple Foxconn Supplier,12.9716,80.2707,Flipkart Warehouse,12.9716,77.5946
18-03-2024,Bangalore,12.9716,77.5946,iPhone 16,9,29,20,0,1,0,103,0,Apple Foxconn Supplier,12.9716,80.2707,Flipkart Warehouse,12.9716,77.5946
19-03-2024,Bangalore,12.9716,77.5946,iPhone 16,12,20,8,0,0,0,41,0,Apple Foxconn Supplier,12.9716,80.2707,Flipkart Warehouse,12.9716,77.5946
20-03-2024,Bangalore,12.9716,77.5946,iPhone 16,12,8,0,0,0,1,0,1875,Apple Foxconn Supplier,12.9716,80.2707,Flipkart Warehouse,12.9716,77.5946
21-03-2024,Bangalore,12.9716,77.5946,iPhone 16,3,0,0,0,0,1,0,1375,Apple Foxconn Supplier,12.9716,80.2707,Flipkart Warehouse,12.9716,77.5946
22-03-2024,Bangalore,12.9716,77.5946,iPhone 16,3,0,71,75,0,0,358,0,Apple Foxconn Supplier,12.9716,80.2707,Flipkart Warehouse,12.9716,77.5946
23-03-2024,Bangalore,12.9716,77.5946,iPhone 16,4,71,68,0,0,0,340,0,Apple Foxconn Supplier,12.9716,80.2707,Flipkart Warehouse,12.9716,77.5946
24-03-2024,Bangalore,12.9716,77.5946,iPhone 16,2,68,65,0,0,0,327,0,Apple Foxconn Supplier,12.9716,80.2707,Flipkart Warehouse,12.9716,77.5946
25-03-2024,Bangalore,12.9716,77.5946,iPhone 16,3,65,62,0,0,0,312,0,Apple Foxconn Supplier,12.9716,80.2707,Flipkart Warehouse,12.9716,77.5946
26-03-2024,Bangalore,12.9716,77.5946,iPhone 16,2,62,60,0,0,0,301,0,Apple Foxconn Supplier,12.9716,80.2707,Flipkart Warehouse,12.9716,77.5946
27-03-2024,Bangalore,12.9716,77.5946,iPhone 16,4,60,56,0,0,0,283,0,Apple Foxconn Supplier,12.9716,80.2707,Flipkart Warehouse,12.9716,77.5946
28-03-2024,Bangalore,12.9716,77.5946,iPhone 16,3,56,54,0,0,0,270,0,Apple Foxconn Supplier,12.9716,80.2707,Flipkart Warehouse,12.9716,77.5946
29-03-2024,Bangalore,12.9716,77.5946,iPhone 16,3,54,50,0,0,0,253,0,Apple Foxconn Supplier,12.9716,80.2707,Flipkart Warehouse,12.9716,77.5946
30-03-2024,Bangalore,12.9716,77.5946,iPhone 16,4,50,46,0,0,0,233,0,Apple Foxconn Supplier,12.9716,80.2707,Flipkart Warehouse,12.9716,77.5946
01-01-2024,Chennai,13.0827,80.2707,iPhone 16,3,85,82,0,0,0,412,0,Apple Foxconn Supplier,12.9716,80.2707,Flipkart Warehouse,12.9716,77.5946
02-01-2024,Chennai,13.0827,80.2707,iPhone 16,2,82,80,0,0,0,402,0,Apple Foxconn Supplier,12.9716,80.2707,Flipkart Warehouse,12.9716,77.5946
03-01-2024,Chennai,13.0827,80.2707,iPhone 16,3,80,77,0,0,0,386,0,Apple Foxconn Supplier,12.9716,80.2707,Flipkart Warehouse,12.9716,77.5946
04-01-2024,Chennai,13.0827,80.2707,iPhone 16,2,77,75,0,0,0,375,0,Apple Foxconn Supplier,12.9716,80.2707,Flipkart Warehouse,12.9716,77.5946
05-01-2024,Chennai,13.0827,80.2707,iPhone 16,3,75,71,0,0,0,358,0,Apple Foxconn Supplier,12.9716,80.2707,Flipkart Warehouse,12.9716,77.5946
06-01-2024,Chennai,13.0827,80.2707,iPhone 16,2,71,69,0,0,0,346,0,Apple Foxconn Supplier,12.9716,80.2707,Flipkart Warehouse,12.9716,77.5946
07-01-2024,Chennai,13.0827,80.2707,iPhone 16,2,69,67,0,0,0,339,0,Apple Foxconn Supplier,12.9716,80.2707,Flipkart Warehouse,12.9716,77.5946
08-01-2024,Chennai,13.0827,80.2707,iPhone 16,2,67,65,0,0,0,329,0,Apple Foxconn Supplier,12.9716,80.2707,Flipkart Warehouse,12.9716,77.5946
09-01-2024,Chennai,13.0827,80.2707,iPhone 16,3,65,63,0,0,0,316,0,Apple Foxconn Supplier,12.9716,80.2707,Flipkart Warehouse,12.9716,77.5946
10-01-2024,Chennai,13.0827,80.2707,iPhone 16,3,63,59,0,0,0,299,0,Apple Foxconn Supplier,12.9716,80.2707,Flipkart Warehouse,12.9716,77.5946
11-01-2024,Chennai,13.0827,80.2707,iPhone 16,6,59,53,0,0,0,266,0,Apple Foxconn Supplier,12.9716,80.2707,Flipkart Warehouse,12.9716,77.5946
12-01-2024,Chennai,13.0827,80.2707,iPhone 16,7,53,46,0,0,0,232,0,Apple Foxconn Supplier,12.9716,80.2707,Flipkart Warehouse,12.9716,77.5946
13-01-2024,Chennai,13.0827,80.2707,iPhone 16,6,46,40,0,0,0,201,0,Apple Foxconn Supplier,12.9716,80.2707,Flipkart Warehouse,12.9716,77.5946
14-01-2024,Chennai,13.0827,80.2707,iPhone 16,7,40,33,0,0,0,168,0,Apple Foxconn Supplier,12.9716,80.2707,Flipkart Warehouse,12.9716,77.5946
15-01-2024,Chennai,13.0827,80.2707,iPhone 16,6,33,27,0,0,0,138,0,Apple Foxconn Supplier,12.9716,80.2707,Flipkart Warehouse,12.9716,77.5946
16-01-2024,Chennai,13.0827,80.2707,iPhone 16,6,27,21,0,0,0,107,0,Apple Foxconn Supplier,12.9716,80.2707,Flipkart Warehouse,12.9716,77.5946
17-01-2024,Chennai,13.0827,80.2707,iPhone 16,4,21,17,0,0,0,89,0,Apple Foxconn Supplier,12.9716,80.2707,Flipkart Warehouse,12.9716,77.5946
18-01-2024,Chennai,13.0827,80.2707,iPhone 16,3,17,14,0,1,0,73,0,Apple Foxconn Supplier,12.9716,80.2707,Flipkart Warehouse,12.9716,77.5946
19-01-2024,Chennai,13.0827,80.2707,iPhone 16,3,14,12,0,0,0,60,0,Apple Foxconn Supplier,12.9716,80.2707,Flipkart Warehouse,12.9716,77.5946
20-01-2024,Chennai,13.0827,80.2707,iPhone 16,2,12,9,0,0,0,48,0,Apple Foxconn Supplier,12.9716,80.2707,Flipkart Warehouse,12.9716,77.5946
21-01-2024,Chennai,13.0827,80.2707,iPhone 16,2,9,7,0,0,0,38,0,Apple Foxconn Supplier,12.9716,80.2707,Flipkart Warehouse,12.9716,77.5946
22-01-2024,Chennai,13.0827,80.2707,iPhone 16,2,7,5,0,0,0,29,0,Apple Foxconn Supplier,12.9716,80.2707,Flipkart Warehouse,12.9716,77.5946
23-01-2024,Chennai,13.0827,80.2707,iPhone 16,4,5,52,51,0,0,263,0,Apple Foxconn Supplier,12.9716,80.2707,Flipkart Warehouse,12.9716,77.5946
24-01-2024,Chennai,13.0827,80.2707,iPhone 16,4,52,49,0,0,0,245,0,Apple Foxconn Supplier,12.9716,80.2707,Flipkart Warehouse,12.9716,77.5946
25-01-2024,Chennai,13.0827,80.2707,iPhone 16,3,49,45,0,0,0,229,0,Apple Foxconn Supplier,12.9716,80.2707,Flipkart Warehouse,12.9716,77.5946
26-01-2024,Chennai,13.0827,80.2707,iPhone 16,14,45,32,0,0,0,161,0,Apple Foxconn Supplier,12.9716,80.2707,Flipkart Warehouse,12.9716,77.5946
27-01-2024,Chennai,13.0827,80.2707,iPhone 16,15,32,17,0,1,0,85,0,Apple Foxconn Supplier,12.9716,80.2707,Flipkart Warehouse,12.9716,77.5946
28-01-2024,Chennai,13.0827,80.2707,iPhone 16,14,17,2,0,0,0,12,0,Apple Foxconn Supplier,12.9716,80.2707,Flipkart Warehouse,12.9716,77.5946
29-01-2024,Chennai,13.0827,80.2707,iPhone 16,2,2,0,0,0,0,2,0,Apple Foxconn Supplier,12.9716,80.2707,Flipkart Warehouse,12.9716,77.5946
30-01-2024,Chennai,13.0827,80.2707,iPhone 16,2,0,0,0,0,1,0,595,Apple Foxconn Supplier,12.9716,80.2707,Flipkart Warehouse,12.9716,77.5946
31-01-2024,Chennai,13.0827,80.2707,iPhone 16,1,0,0,0,0,1,0,680,Apple Foxconn Supplier,12.9716,80.2707,Flipkart Warehouse,12.9716,77.5946
01-02-2024,Chennai,13.0827,80.2707,iPhone 16,2,0,48,51,0,0,243,0,Apple Foxconn Supplier,12.9716,80.2707,Flipkart Warehouse,12.9716,77.5946
02-02-2024,Chennai,13.0827,80.2707,iPhone 16,2,48,46,0,0,0,232,0,Apple Foxconn Supplier,12.9716,80.2707,Flipkart Warehouse,12.9716,77.5946
03-02-2024,Chennai,13.0827,80.2707,iPhone 16,2,46,44,0,0,0,221,0,Apple Foxconn Supplier,12.9716,80.2707,Flipkart Warehouse,12.9716,77.5946
04-02-2024,Chennai,13.0827,80.2707,iPhone 16,2,44,42,0,0,0,213,0,Apple Foxconn Supplier,12.9716,80.2707,Flipkart Warehouse,12.9716,77.5946
05-02-2024,Chennai,13.0827,80.2707,iPhone 16,7,42,35,0,0,0,179,0,Apple Foxconn Supplier,12.9716,80.2707,Flipkart Warehouse,12.9716,77.5946
06-02-2024,Chennai,13.0827,80.2707,iPhone 16,6,35,29,0,0,0,147,0,Apple Foxconn Supplier,12.9716,80.2707,Flipkart Warehouse,12.9716,77.5946
07-02-2024,Chennai,13.0827,80.2707,iPhone 16,6,29,23,0,0,0,116,0,Apple Foxconn Supplier,12.9716,80.2707,Flipkart Warehouse,12.9716,77.5946
08-02-2024,Chennai,13.0827,80.2707,iPhone 16,2,23,21,0,0,0,107,0,Apple Foxconn Supplier,12.9716,80.2707,Flipkart Warehouse,12.9716,77.5946
09-02-2024,Chennai,13.0827,80.2707,iPhone 16,1,21,20,0,0,0,101,0,Apple Foxconn Supplier,12.9716,80.2707,Flipkart Warehouse,12.9716,77.5946
10-02-2024,Chennai,13.0827,80.2707,iPhone 16,2,20,18,0,0,0,90,0,Apple Foxconn Supplier,12.9716,80.2707,Flipkart Warehouse,12.9716,77.5946
11-02-2024,Chennai,13.0827,80.2707,iPhone 16,2,18,16,0,1,0,83,0,Apple Foxconn Supplier,12.9716,80.2707,Flipkart Warehouse,12.9716,77.5946
12-02-2024,Chennai,13.0827,80.2707,iPhone 16,2,16,14,0,0,0,73,0,Apple Foxconn Supplier,12.9716,80.2707,Flipkart Warehouse,12.9716,77.5946
13-02-2024,Chennai,13.0827,80.2707,iPhone 16,3,14,12,0,0,0,61,0,Apple Foxconn Supplier,12.9716,80.2707,Flipkart Warehouse,12.9716,77.5946
14-02-2024,Chennai,13.0827,80.2707,iPhone 16,3,12,9,0,0,0,45,0,Apple Foxconn Supplier,12.9716,80.2707,Flipkart Warehouse,12.9716,77.5946
15-02-2024,Chennai,13.0827,80.2707,iPhone 16,2,9,57,51,0,0,289,0,Apple Foxconn Supplier,12.9716,80.2707,Flipkart Warehouse,12.9716,77.5946
16-02-2024,Chennai,13.0827,80.2707,iPhone 16,3,57,55,0,0,0,275,0,Apple Foxconn Supplier,12.9716,80.2707,Flipkart Warehouse,12.9716,77.5946
17-02-2024,Chennai,13.0827,80.2707,iPhone 16,2,55,53,0,0,0,265,0,Apple Foxconn Supplier,12.9716,80.2707,Flipkart Warehouse,12.9716,77.5946
18-02-2024,Chennai,13.0827,80.2707,iPhone 16,2,53,51,0,0,0,256,0,Apple Foxconn Supplier,12.9716,80.2707,Flipkart Warehouse,12.9716,77.5946
19-02-2024,Chennai,13.0827,80.2707,iPhone 16,2,51,49,0,0,0,249,0,Apple Foxconn Supplier,12.9716,80.2707,Flipkart Warehouse,12.9716,77.5946
20-02-2024,Chennai,13.0827,80.2707,iPhone 16,2,49,47,0,0,0,238,0,Apple Foxconn Supplier,12.9716,80.2707,Flipkart Warehouse,12.9716,77.5946
21-02-2024,Chennai,13.0827,80.2707,iPhone 16,2,47,45,0,0,0,228,0,Apple Foxconn Supplier,12.9716,80.2707,Flipkart Warehouse,12.9716,77.5946
22-02-2024,Chennai,13.0827,80.2707,iPhone 16,2,45,43,0,0,0,216,0,Apple Foxconn Supplier,12.9716,80.2707,Flipkart Warehouse,12.9716,77.5946
23-02-2024,Chennai,13.0827,80.2707,iPhone 16,3,43,40,0,0,0,203,0,Apple Foxconn Supplier,12.9716,80.2707,Flipkart Warehouse,12.9716,77.5946
24-02-2024,Chennai,13.0827,80.2707,iPhone 16,3,40,37,0,0,0,187,0,Apple Foxconn Supplier,12.9716,80.2707,Flipkart Warehouse,12.9716,77.5946
25-02-2024,Chennai,13.0827,80.2707,iPhone 16,3,37,35,0,0,0,175,0,Apple Foxconn Supplier,12.9716,80.2707,Flipkart Warehouse,12.9716,77.5946
26-02-2024,Chennai,13.0827,80.2707,iPhone 16,2,35,32,0,0,0,164,0,Apple Foxconn Supplier,12.9716,80.2707,Flipkart Warehouse,12.9716,77.5946
27-02-2024,Chennai,13.0827,80.2707,iPhone 16,2,32,31,0,0,0,156,0,Apple Foxconn Supplier,12.9716,80.2707,Flipkart Warehouse,12.9716,77.5946
28-02-2024,Chennai,13.0827,80.2707,iPhone 16,2,31,29,0,0,0,148,0,Apple Foxconn Supplier,12.9716,80.2707,Flipkart Warehouse,12.9716,77.5946
29-02-2024,Chennai,13.0827,80.2707,iPhone 16,2,29,27,0,0,0,139,0,Apple Foxconn Supplier,12.9716,80.2707,Flipkart Warehouse,12.9716,77.5946
01-03-2024,Chennai,13.0827,80.2707,iPhone 16,2,27,25,0,0,0,127,0,Apple Foxconn Supplier,12.9716,80.2707,Flipkart Warehouse,12.9716,77.5946
02-03-2024,Chennai,13.0827,80.2707,iPhone 16,2,25,23,0,0,0,116,0,Apple Foxconn Supplier,12.9716,80.2707,Flipkart Warehouse,12.9716,77.5946
03-03-2024,Chennai,13.0827,80.2707,iPhone 16,3,23,20,0,0,0,103,0,Apple Foxconn Supplier,12.9716,80.2707,Flipkart Warehouse,12.9716,77.5946
04-03-2024,Chennai,13.0827,80.2707,iPhone 16,6,20,14,0,1,0,71,0,Apple Foxconn Supplier,12.9716,80.2707,Flipkart Warehouse,12.9716,77.5946
05-03-2024,Chennai,13.0827,80.2707,iPhone 16,7,14,7,0,0,0,37,0,Apple Foxconn Supplier,12.9716,80.2707,Flipkart Warehouse,12.9716,77.5946
06-03-2024,Chennai,13.0827,80.2707,iPhone 16,6,7,1,0,0,0,7,0,Apple Foxconn Supplier,12.9716,80.2707,Flipkart Warehouse,12.9716,77.5946
07-03-2024,Chennai,13.0827,80.2707,iPhone 16,2,1,50,51,0,0,252,0,Apple Foxconn Supplier,12.9716,80.2707,Flipkart Warehouse,12.9716,77.5946
08-03-2024,Chennai,13.0827,80.2707,iPhone 16,2,50,48,0,0,0,240,0,Apple Foxconn Supplier,12.9716,80.2707,Flipkart Warehouse,12.9716,77.5946
09-03-2024,Chennai,13.0827,80.2707,iPhone 16,3,48,45,0,0,0,226,0,Apple Foxconn Supplier,12.9716,80.2707,Flipkart Warehouse,12.9716,77.5946
10-03-2024,Chennai,13.0827,80.2707,iPhone 16,2,45,43,0,0,0,218,0,Apple Foxconn Supplier,12.9716,80.2707,Flipkart Warehouse,12.9716,77.5946
11-03-2024,Chennai,13.0827,80.2707,iPhone 16,2,43,41,0,0,0,209,0,Apple Foxconn Supplier,12.9716,80.2707,Flipkart Warehouse,12.9716,77.5946
12-03-2024,Chennai,13.0827,80.2707,iPhone 16,2,41,40,0,0,0,201,0,Apple Foxconn Supplier,12.9716,80.2707,Flipkart Warehouse,12.9716,77.5946
13-03-2024,Chennai,13.0827,80.2707,iPhone 16,2,40,38,0,0,0,190,0,Apple Foxconn Supplier,12.9716,80.2707,Flipkart Warehouse,12.9716,77.5946
14-03-2024,Chennai,13.0827,80.2707,iPhone 16,3,38,35,0,0,0,177,0,Apple Foxconn Supplier,12.9716,80.2707,Flipkart Warehouse,12.9716,77.5946
15-03-2024,Chennai,13.0827,80.2707,iPhone 16,2,35,33,0,0,0,167,0,Apple Foxconn Supplier,12.9716,80.2707,Flipkart Warehouse,12.9716,77.5946
16-03-2024,Chennai,13.0827,80.2707,iPhone 16,6,33,27,0,0,0,135,0,Apple Foxconn Supplier,12.9716,80.2707,Flipkart Warehouse,12.9716,77.5946
17-03-2024,Chennai,13.0827,80.2707,iPhone 16,7,27,20,0,0,0,101,0,Apple Foxconn Supplier,12.9716,80.2707,Flipkart Warehouse,12.9716,77.5946
18-03-2024,Chennai,13.0827,80.2707,iPhone 16,6,20,14,0,1,0,70,0,Apple Foxconn Supplier,12.9716,80.2707,Flipkart Warehouse,12.9716,77.5946
19-03-2024,Chennai,13.0827,80.2707,iPhone 16,8,14,5,0,0,0,28,0,Apple Foxconn Supplier,12.9716,80.2707,Flipkart Warehouse,12.9716,77.5946
20-03-2024,Chennai,13.0827,80.2707,iPhone 16,8,5,0,0,0,1,0,1275,Apple Foxconn Supplier,12.9716,80.2707,Flipkart Warehouse,12.9716,77.5946
21-03-2024,Chennai,13.0827,80.2707,iPhone 16,2,0,0,0,0,1,0,935,Apple Foxconn Supplier,12.9716,80.2707,Flipkart Warehouse,12.9716,77.5946
22-03-2024,Chennai,13.0827,80.2707,iPhone 16,2,0,48,51,0,0,243,0,Apple Foxconn Supplier,12.9716,80.2707,Flipkart Warehouse,12.9716,77.5946
23-03-2024,Chennai,13.0827,80.2707,iPhone 16,3,48,46,0,0,0,231,0,Apple Foxconn Supplier,12.9716,80.2707,Flipkart Warehouse,12.9716,77.5946
24-03-2024,Chennai,13.0827,80.2707,iPhone 16,2,46,44,0,0,0,222,0,Apple Foxconn Supplier,12.9716,80.2707,Flipkart Warehouse,12.9716,77.5946
25-03-2024,Chennai,13.0827,80.2707,iPhone 16,2,44,42,0,0,0,212,0,Apple Foxconn Supplier,12.9716,80.2707,Flipkart Warehouse,12.9716,77.5946
26-03-2024,Chennai,13.0827,80.2707,iPhone 16,2,42,40,0,0,0,204,0,Apple Foxconn Supplier,12.9716,80.2707,Flipkart Warehouse,12.9716,77.5946
27-03-2024,Chennai,13.0827,80.2707,iPhone 16,2,40,38,0,0,0,192,0,Apple Foxconn Supplier,12.9716,80.2707,Flipkart Warehouse,12.9716,77.5946
28-03-2024,Chennai,13.0827,80.2707,iPhone 16,2,38,36,0,0,0,183,0,Apple Foxconn Supplier,12.9716,80.2707,Flipkart Warehouse,12.9716,77.5946
29-03-2024,Chennai,13.0827,80.2707,iPhone 16,2,36,34,0,0,0,172,0,Apple Foxconn Supplier,12.9716,80.2707,Flipkart Warehouse,12.9716,77.5946
30-03-2024,Chennai,13.0827,80.2707,iPhone 16,3,34,31,0,0,0,158,0,Apple Foxconn Supplier,12.9716,80.2707,Flipkart Warehouse,12.9716,77.5946
